File Name,Root Directory,File Size (MB),File Size (GB)
Y:\Library\TV NAS\11.22.63\Season 1\11.22.63.S01E01.The.Rabbit.Hole.mkv,Y:\Library\TV NAS\11.22.63\Season 1,1726,1.69
Y:\Library\TV NAS\Apocalypse The Second World War\Apocalypse World War Ii - 1X01 - Hitler's Rise To Power (1933-39)-1.mkv,Y:\Library\TV NAS\Apocalypse The Second World War,2344.77,2.29
Y:\Library\TV NAS\Apocalypse The Second World War\Apocalypse World War Ii - 1X02 - Collapse Of France (1939-40)-2.mkv,Y:\Library\TV NAS\Apocalypse The Second World War,1969.03,1.92
Y:\Library\TV NAS\Apocalypse The Second World War\Apocalypse World War Ii - 1X03 - Origins Of The Holocaust (1940-41)-3.mkv,Y:\Library\TV NAS\Apocalypse The Second World War,2225.75,2.17
Y:\Library\TV NAS\Apocalypse The Second World War\Apocalypse World War Ii - 1X04 - American Allies (1941-42)-4.mkv,Y:\Library\TV NAS\Apocalypse The Second World War,2224.56,2.17
Y:\Library\TV NAS\Apocalypse The Second World War\Apocalypse World War Ii - 1X05 - Allies Strike Back (1942-43)-5.mkv,Y:\Library\TV NAS\Apocalypse The Second World War,2058.62,2.01
Y:\Library\TV NAS\Apocalypse The Second World War\Apocalypse World War Ii - 1X06 - Retreat And Surrender (1944-45)-6.mkv,Y:\Library\TV NAS\Apocalypse The Second World War,2249.31,2.2
Y:\Library\TV NAS\attack.of.the.show\2012\attack.of.the.show.2012.12.19.720p.hdtv.dd2.0.x264-btn.mkv,Y:\Library\TV NAS\attack.of.the.show\2012,1264.42,1.23
Y:\Library\TV NAS\Fargo\Season 2\Fargo - 2x02 - Before the Law.mkv,Y:\Library\TV NAS\Fargo\Season 2,1348.46,1.32
Y:\Library\TV NAS\Fargo\Season 2\Fargo - 2x05 - The Gift of the Magi.mkv,Y:\Library\TV NAS\Fargo\Season 2,1392.67,1.36
"Y:\Library\TV NAS\Fargo\Season 2\Fargo - 2x07 - Did You Do This No, You Did It!.mkv",Y:\Library\TV NAS\Fargo\Season 2,1493.4,1.46
Y:\Library\TV NAS\Fargo\Season 2\Fargo - 2x08 - Loplop.mkv,Y:\Library\TV NAS\Fargo\Season 2,1311.02,1.28
Y:\Library\TV NAS\Fixer Upper\Fixer.Upper.S01.1080p.HULU.WEB-DL.AAC2.0.H264-SiGMA\Fixer.Upper.S01E01.Looking.Old.But.Feeling.New.1080p.HULU.WEB-DL.AAC2.0.H264-SiGMA\Fixer.Upper.S01E01.Looking.Old.But.Feeling.New.1080p.HULU.WEB-DL.AAC2.0.H264-SiGMA.mkv,Y:\Library\TV NAS\Fixer Upper\Fixer.Upper.S01.1080p.HULU.WEB-DL.AAC2.0.H264-SiGMA\Fixer.Upper.S01E01.Looking.Old.But.Feeling.New.1080p.HULU.WEB-DL.AAC2.0.H264-SiGMA,1858.53,1.81
Y:\Library\TV NAS\Fixer Upper\Fixer.Upper.S01.1080p.HULU.WEB-DL.AAC2.0.H264-SiGMA\Fixer.Upper.S01E02.Young.Family.Takes.On.History.1080p.HULU.WEB-DL.AAC2.0.H264-SiGMA\Fixer.Upper.S01E02.Young.Family.Takes.On.History.1080p.HULU.WEB-DL.AAC2.0.H264-SiGMA.mkv,Y:\Library\TV NAS\Fixer Upper\Fixer.Upper.S01.1080p.HULU.WEB-DL.AAC2.0.H264-SiGMA\Fixer.Upper.S01E02.Young.Family.Takes.On.History.1080p.HULU.WEB-DL.AAC2.0.H264-SiGMA,1860,1.82
Y:\Library\TV NAS\Fixer Upper\Fixer.Upper.S01.1080p.HULU.WEB-DL.AAC2.0.H264-SiGMA\Fixer.Upper.S01E03.Nomad.Family.Seeks.Final.Home.1080p.HULU.WEB-DL.AAC2.0.H264-SiGMA\Fixer.Upper.S01E03.Nomad.Family.Seeks.Final.Home.1080p.HULU.WEB-DL.AAC2.0.H264-SiGMA.mkv,Y:\Library\TV NAS\Fixer Upper\Fixer.Upper.S01.1080p.HULU.WEB-DL.AAC2.0.H264-SiGMA\Fixer.Upper.S01E03.Nomad.Family.Seeks.Final.Home.1080p.HULU.WEB-DL.AAC2.0.H264-SiGMA,1862.01,1.82
Y:\Library\TV NAS\Fixer Upper\Fixer.Upper.S01.1080p.HULU.WEB-DL.AAC2.0.H264-SiGMA\Fixer.Upper.S01E04.Client.Rebuilds.After.Tragedy.1080p.HULU.WEB-DL.AAC2.0.H264-SiGMA\Fixer.Upper.S01E04.Client.Rebuilds.After.Tragedy.1080p.HULU.WEB-DL.AAC2.0.H264-SiGMA.mkv,Y:\Library\TV NAS\Fixer Upper\Fixer.Upper.S01.1080p.HULU.WEB-DL.AAC2.0.H264-SiGMA\Fixer.Upper.S01E04.Client.Rebuilds.After.Tragedy.1080p.HULU.WEB-DL.AAC2.0.H264-SiGMA,1859.36,1.82
Y:\Library\TV NAS\Fixer Upper\Fixer.Upper.S01.1080p.HULU.WEB-DL.AAC2.0.H264-SiGMA\Fixer.Upper.S01E05.French.Country.Sought.in.Waco.1080p.HULU.WEB-DL.AAC2.0.H264-SiGMA\Fixer.Upper.S01E05.French.Country.Sought.in.Waco.1080p.HULU.WEB-DL.AAC2.0.H264-SiGMA.mkv,Y:\Library\TV NAS\Fixer Upper\Fixer.Upper.S01.1080p.HULU.WEB-DL.AAC2.0.H264-SiGMA\Fixer.Upper.S01E05.French.Country.Sought.in.Waco.1080p.HULU.WEB-DL.AAC2.0.H264-SiGMA,1860.77,1.82
Y:\Library\TV NAS\Fixer Upper\Fixer.Upper.S01.1080p.HULU.WEB-DL.AAC2.0.H264-SiGMA\Fixer.Upper.S01E06.Craftsmen.Crave.Urban.Feel.1080p.HULU.WEB-DL.AAC2.0.H264-SiGMA\Fixer.Upper.S01E06.Craftsmen.Crave.Urban.Feel.1080p.HULU.WEB-DL.AAC2.0.H264-SiGMA.mkv,Y:\Library\TV NAS\Fixer Upper\Fixer.Upper.S01.1080p.HULU.WEB-DL.AAC2.0.H264-SiGMA\Fixer.Upper.S01E06.Craftsmen.Crave.Urban.Feel.1080p.HULU.WEB-DL.AAC2.0.H264-SiGMA,1861.77,1.82
Y:\Library\TV NAS\Fixer Upper\Fixer.Upper.S01.1080p.HULU.WEB-DL.AAC2.0.H264-SiGMA\Fixer.Upper.S01E07.Texan.Family.Returns.to.Roots.1080p.HULU.WEB-DL.AAC2.0.H264-SiGMA\Fixer.Upper.S01E07.Texan.Family.Returns.to.Roots.1080p.HULU.WEB-DL.AAC2.0.H264-SiGMA.mkv,Y:\Library\TV NAS\Fixer Upper\Fixer.Upper.S01.1080p.HULU.WEB-DL.AAC2.0.H264-SiGMA\Fixer.Upper.S01E07.Texan.Family.Returns.to.Roots.1080p.HULU.WEB-DL.AAC2.0.H264-SiGMA,1858.2,1.81
Y:\Library\TV NAS\Fixer Upper\Fixer.Upper.S01.1080p.HULU.WEB-DL.AAC2.0.H264-SiGMA\Fixer.Upper.S01E08.New.Home.New.Life.for.Mom.1080p.HULU.WEB-DL.AAC2.0.H264-SiGMA\Fixer.Upper.S01E08.New.Home.New.Life.for.Mom.1080p.HULU.WEB-DL.AAC2.0.H264-SiGMA.mkv,Y:\Library\TV NAS\Fixer Upper\Fixer.Upper.S01.1080p.HULU.WEB-DL.AAC2.0.H264-SiGMA\Fixer.Upper.S01E08.New.Home.New.Life.for.Mom.1080p.HULU.WEB-DL.AAC2.0.H264-SiGMA,1859.89,1.82
Y:\Library\TV NAS\Fixer Upper\Fixer.Upper.S01.1080p.HULU.WEB-DL.AAC2.0.H264-SiGMA\Fixer.Upper.S01E09.Missionaries.Retreat.in.Waco.1080p.HULU.WEB-DL.AAC2.0.H264-SiGMA\Fixer.Upper.S01E09.Missionaries.Retreat.In.Waco.1080p.HULU.WEB-DL.AAC2.0.H264-SiGMA.mkv,Y:\Library\TV NAS\Fixer Upper\Fixer.Upper.S01.1080p.HULU.WEB-DL.AAC2.0.H264-SiGMA\Fixer.Upper.S01E09.Missionaries.Retreat.in.Waco.1080p.HULU.WEB-DL.AAC2.0.H264-SiGMA,1861.08,1.82
Y:\Library\TV NAS\Fixer Upper\Fixer.Upper.S01.1080p.HULU.WEB-DL.AAC2.0.H264-SiGMA\Fixer.Upper.S01E10.Couple.Reach.for.Unreachable.1080p.HULU.WEB-DL.AAC2.0.H264-SiGMA\Fixer.Upper.S01E10.Couple.Reach.for.Unreachable.1080p.HULU.WEB-DL.AAC2.0.H264-SiGMA.mkv,Y:\Library\TV NAS\Fixer Upper\Fixer.Upper.S01.1080p.HULU.WEB-DL.AAC2.0.H264-SiGMA\Fixer.Upper.S01E10.Couple.Reach.for.Unreachable.1080p.HULU.WEB-DL.AAC2.0.H264-SiGMA,1860.36,1.82
Y:\Library\TV NAS\Fixer Upper\Fixer.Upper.S01.1080p.HULU.WEB-DL.AAC2.0.H264-SiGMA\Fixer.Upper.S01E11.Physicians.Seek.Farmhouse.1080p.HULU.WEB-DL.AAC2.0.H264-SiGMA\Fixer.Upper.S01E11.Physicians.Seek.Farmhouse.1080p.HULU.WEB-DL.AAC2.0.H264-SiGMA.mkv,Y:\Library\TV NAS\Fixer Upper\Fixer.Upper.S01.1080p.HULU.WEB-DL.AAC2.0.H264-SiGMA\Fixer.Upper.S01E11.Physicians.Seek.Farmhouse.1080p.HULU.WEB-DL.AAC2.0.H264-SiGMA,1861.35,1.82
Y:\Library\TV NAS\Fixer Upper\Fixer.Upper.S01.1080p.HULU.WEB-DL.AAC2.0.H264-SiGMA\Fixer.Upper.S01E12.Close.Academics.Seek.Acreage.1080p.HULU.WEB-DL.AAC2.0.H264-SiGMA\Fixer.Upper.S01E12.Close.Academics.Seek.Acreage.1080p.HULU.WEB-DL.AAC2.0.H264-SiGMA.mkv,Y:\Library\TV NAS\Fixer Upper\Fixer.Upper.S01.1080p.HULU.WEB-DL.AAC2.0.H264-SiGMA\Fixer.Upper.S01E12.Close.Academics.Seek.Acreage.1080p.HULU.WEB-DL.AAC2.0.H264-SiGMA,1858.9,1.82
Y:\Library\TV NAS\Fixer Upper\Fixer.Upper.S01.1080p.HULU.WEB-DL.AAC2.0.H264-SiGMA\Fixer.Upper.S01E13.Baby.Boomers.Buy.Fixer.Upper.1080p.HULU.WEB-DL.AAC2.0.H264-SiGMA\Fixer.Upper.S01E13.Baby.Boomers.Buy.Fixer.Upper.1080p.HULU.WEB-DL.AAC2.0.H264-SiGMA.mkv,Y:\Library\TV NAS\Fixer Upper\Fixer.Upper.S01.1080p.HULU.WEB-DL.AAC2.0.H264-SiGMA\Fixer.Upper.S01E13.Baby.Boomers.Buy.Fixer.Upper.1080p.HULU.WEB-DL.AAC2.0.H264-SiGMA,1860.04,1.82
Y:\Library\TV NAS\Fixer Upper\Fixer.Upper.S02.1080p.HULU.WEB-DL.AAC2.0.H264-SiGMA\Fixer.Upper.S02E01.Newlyweds.Seek.First.Home.1080p.HULU.WEB-DL.AAC2.0.H264-SiGMA\Fixer.Upper.S02E01.Newlyweds.Seek.First.Home.1080p.HULU.WEB-DL.AAC2.0.H264-SiGMA.mkv,Y:\Library\TV NAS\Fixer Upper\Fixer.Upper.S02.1080p.HULU.WEB-DL.AAC2.0.H264-SiGMA\Fixer.Upper.S02E01.Newlyweds.Seek.First.Home.1080p.HULU.WEB-DL.AAC2.0.H264-SiGMA,1849.9,1.81
Y:\Library\TV NAS\Fixer Upper\Fixer.Upper.S02.1080p.HULU.WEB-DL.AAC2.0.H264-SiGMA\Fixer.Upper.S02E02.Young.Couple.Chooses.Old.Home.1080p.HULU.WEB-DL.AAC2.0.H264-SiGMA\Fixer.Upper.S02E02.Young.Couple.Chooses.Old.Home.1080p.HULU.WEB-DL.AAC2.0.H264-SiGMA.mkv,Y:\Library\TV NAS\Fixer Upper\Fixer.Upper.S02.1080p.HULU.WEB-DL.AAC2.0.H264-SiGMA\Fixer.Upper.S02E02.Young.Couple.Chooses.Old.Home.1080p.HULU.WEB-DL.AAC2.0.H264-SiGMA,1851.58,1.81
Y:\Library\TV NAS\Fixer Upper\Fixer.Upper.S02.1080p.HULU.WEB-DL.AAC2.0.H264-SiGMA\Fixer.Upper.S02E03.Homebuilders.Seek.Fixer.Upper.1080p.HULU.WEB-DL.AAC2.0.H264-SiGMA\Fixer.Upper.S02E03.Homebuilders.Seek.Fixer.Upper.1080p.HULU.WEB-DL.AAC2.0.H264-SiGMA.mkv,Y:\Library\TV NAS\Fixer Upper\Fixer.Upper.S02.1080p.HULU.WEB-DL.AAC2.0.H264-SiGMA\Fixer.Upper.S02E03.Homebuilders.Seek.Fixer.Upper.1080p.HULU.WEB-DL.AAC2.0.H264-SiGMA,1850.65,1.81
Y:\Library\TV NAS\Fixer Upper\Fixer.Upper.S02.1080p.HULU.WEB-DL.AAC2.0.H264-SiGMA\Fixer.Upper.S02E04.Extra.Space.for.Blended.Family.1080p.HULU.WEB-DL.AAC2.0.H264-SiGMA\Fixer.Upper.S02E04.Extra.Space.for.Blended.Family.1080p.HULU.WEB-DL.AAC2.0.H264-SiGMA.mkv,Y:\Library\TV NAS\Fixer Upper\Fixer.Upper.S02.1080p.HULU.WEB-DL.AAC2.0.H264-SiGMA\Fixer.Upper.S02E04.Extra.Space.for.Blended.Family.1080p.HULU.WEB-DL.AAC2.0.H264-SiGMA,1850.3,1.81
Y:\Library\TV NAS\Fixer Upper\Fixer.Upper.S02.1080p.HULU.WEB-DL.AAC2.0.H264-SiGMA\Fixer.Upper.S02E05.Expectant.Couple.Seeks.Nest.1080p.HULU.WEB-DL.AAC2.0.H264-SiGMA\Fixer.Upper.S02E05.Expectant.Couple.Seeks.Nest.1080p.HULU.WEB-DL.AAC2.0.H264-SiGMA.mkv,Y:\Library\TV NAS\Fixer Upper\Fixer.Upper.S02.1080p.HULU.WEB-DL.AAC2.0.H264-SiGMA\Fixer.Upper.S02E05.Expectant.Couple.Seeks.Nest.1080p.HULU.WEB-DL.AAC2.0.H264-SiGMA,1850.31,1.81
Y:\Library\TV NAS\Fixer Upper\Fixer.Upper.S02.1080p.HULU.WEB-DL.AAC2.0.H264-SiGMA\Fixer.Upper.S02E06.High.School.Friend.Seeks.Fixer.1080p.HULU.WEB-DL.AAC2.0.H264-SiGMA\Fixer.Upper.S02E06.High.School.Friend.Seeks.Fixer.1080p.HULU.WEB-DL.AAC2.0.H264-SiGMA.mkv,Y:\Library\TV NAS\Fixer Upper\Fixer.Upper.S02.1080p.HULU.WEB-DL.AAC2.0.H264-SiGMA\Fixer.Upper.S02E06.High.School.Friend.Seeks.Fixer.1080p.HULU.WEB-DL.AAC2.0.H264-SiGMA,1851.61,1.81
Y:\Library\TV NAS\Fixer Upper\Fixer.Upper.S02.1080p.HULU.WEB-DL.AAC2.0.H264-SiGMA\Fixer.Upper.S02E07.Sports.Chaplain.Tackles.Fixer.1080p.HULU.WEB-DL.AAC2.0.H264-SiGMA\Fixer.Upper.S02E07.Sports.Chaplain.Tackles.Fixer.1080p.HULU.WEB-DL.AAC2.0.H264-SiGMA.mkv,Y:\Library\TV NAS\Fixer Upper\Fixer.Upper.S02.1080p.HULU.WEB-DL.AAC2.0.H264-SiGMA\Fixer.Upper.S02E07.Sports.Chaplain.Tackles.Fixer.1080p.HULU.WEB-DL.AAC2.0.H264-SiGMA,1850.5,1.81
Y:\Library\TV NAS\Fixer Upper\Fixer.Upper.S02.1080p.HULU.WEB-DL.AAC2.0.H264-SiGMA\Fixer.Upper.S02E08.New.Homebuyers.Prefer.Fixer.1080p.HULU.WEB-DL.AAC2.0.H264-SiGMA\Fixer.Upper.S02E08.New.Homebuyers.Prefer.Fixer.1080p.HULU.WEB-DL.AAC2.0.H264-SiGMA.mkv,Y:\Library\TV NAS\Fixer Upper\Fixer.Upper.S02.1080p.HULU.WEB-DL.AAC2.0.H264-SiGMA\Fixer.Upper.S02E08.New.Homebuyers.Prefer.Fixer.1080p.HULU.WEB-DL.AAC2.0.H264-SiGMA,1851.58,1.81
Y:\Library\TV NAS\Fixer Upper\Fixer.Upper.S02.1080p.HULU.WEB-DL.AAC2.0.H264-SiGMA\Fixer.Upper.S02E09.Couple.Seeks.A.Unique.Fixer.1080p.HULU.WEB-DL.AAC2.0.H264-SiGMA\Fixer.Upper.S02E09.Couple.Seeks.a.Unique.Fixer.1080p.HULU.WEB-DL.AAC2.0.H264-SiGMA.mkv,Y:\Library\TV NAS\Fixer Upper\Fixer.Upper.S02.1080p.HULU.WEB-DL.AAC2.0.H264-SiGMA\Fixer.Upper.S02E09.Couple.Seeks.A.Unique.Fixer.1080p.HULU.WEB-DL.AAC2.0.H264-SiGMA,1850.37,1.81
Y:\Library\TV NAS\Fixer Upper\Fixer.Upper.S02.1080p.HULU.WEB-DL.AAC2.0.H264-SiGMA\Fixer.Upper.S02E10.Three.Generations.One.Fixer.1080p.HULU.WEB-DL.AAC2.0.H264-SiGMA\Fixer.Upper.S02E10.Three.Generations.One.Fixer.1080p.HULU.WEB-DL.AAC2.0.H264-SiGMA.mkv,Y:\Library\TV NAS\Fixer Upper\Fixer.Upper.S02.1080p.HULU.WEB-DL.AAC2.0.H264-SiGMA\Fixer.Upper.S02E10.Three.Generations.One.Fixer.1080p.HULU.WEB-DL.AAC2.0.H264-SiGMA,1850.62,1.81
Y:\Library\TV NAS\Fixer Upper\Fixer.Upper.S02.1080p.HULU.WEB-DL.AAC2.0.H264-SiGMA\Fixer.Upper.S02E11.Country.Couple.Seeks.Fixer.1080p.HULU.WEB-DL.AAC2.0.H264-SiGMA\Fixer.Upper.S02E11.Country.Couple.Seeks.Fixer.1080p.HULU.WEB-DL.AAC2.0.H264-SiGMA.mkv,Y:\Library\TV NAS\Fixer Upper\Fixer.Upper.S02.1080p.HULU.WEB-DL.AAC2.0.H264-SiGMA\Fixer.Upper.S02E11.Country.Couple.Seeks.Fixer.1080p.HULU.WEB-DL.AAC2.0.H264-SiGMA,1851.37,1.81
Y:\Library\TV NAS\Fixer Upper\Fixer.Upper.S02.1080p.HULU.WEB-DL.AAC2.0.H264-SiGMA\Fixer.Upper.S02E12.Island.Family.Seeks.Space.1080p.HULU.WEB-DL.AAC2.0.H264-SiGMA\Fixer.Upper.S02E12.Island.Family.Seeks.Space.1080p.HULU.WEB-DL.AAC2.0.H264-SiGMA.mkv,Y:\Library\TV NAS\Fixer Upper\Fixer.Upper.S02.1080p.HULU.WEB-DL.AAC2.0.H264-SiGMA\Fixer.Upper.S02E12.Island.Family.Seeks.Space.1080p.HULU.WEB-DL.AAC2.0.H264-SiGMA,1851.37,1.81
Y:\Library\TV NAS\Fixer Upper\Fixer.Upper.S03.1080p.WEB.H264-PFa\Fixer.Upper.S03E01.1080p.WEB.H264-PFa\Fixer.Upper.S03E01.1080p.WEB.H264-PFa.mkv,Y:\Library\TV NAS\Fixer Upper\Fixer.Upper.S03.1080p.WEB.H264-PFa\Fixer.Upper.S03E01.1080p.WEB.H264-PFa,1915.13,1.87
Y:\Library\TV NAS\Fixer Upper\Fixer.Upper.S03.1080p.WEB.H264-PFa\Fixer.Upper.S03E02.1080p.WEB.H264-PFa\Fixer.Upper.S03E02.1080p.WEB.H264-PFa.mkv,Y:\Library\TV NAS\Fixer Upper\Fixer.Upper.S03.1080p.WEB.H264-PFa\Fixer.Upper.S03E02.1080p.WEB.H264-PFa,1920.74,1.88
Y:\Library\TV NAS\Fixer Upper\Fixer.Upper.S03.1080p.WEB.H264-PFa\Fixer.Upper.S03E03.1080p.WEB.H264-PFa\Fixer.Upper.S03E03.1080p.WEB.H264-PFa.mkv,Y:\Library\TV NAS\Fixer Upper\Fixer.Upper.S03.1080p.WEB.H264-PFa\Fixer.Upper.S03E03.1080p.WEB.H264-PFa,1936.48,1.89
Y:\Library\TV NAS\Fixer Upper\Fixer.Upper.S03.1080p.WEB.H264-PFa\Fixer.Upper.S03E04.1080p.WEB.H264-PFa\Fixer.Upper.S03E04.1080p.WEB.H264-PFa.mkv,Y:\Library\TV NAS\Fixer Upper\Fixer.Upper.S03.1080p.WEB.H264-PFa\Fixer.Upper.S03E04.1080p.WEB.H264-PFa,1938.5,1.89
Y:\Library\TV NAS\Fixer Upper\Fixer.Upper.S03.1080p.WEB.H264-PFa\Fixer.Upper.S03E05.1080p.WEB.H264-PFa\Fixer.Upper.S03E05.1080p.WEB.H264-PFa.mkv,Y:\Library\TV NAS\Fixer Upper\Fixer.Upper.S03.1080p.WEB.H264-PFa\Fixer.Upper.S03E05.1080p.WEB.H264-PFa,1956.33,1.91
Y:\Library\TV NAS\Fixer Upper\Fixer.Upper.S03.1080p.WEB.H264-PFa\Fixer.Upper.S03E06.1080p.WEB.H264-PFa\Fixer.Upper.S03E06.1080p.WEB.H264-PFa.mkv,Y:\Library\TV NAS\Fixer Upper\Fixer.Upper.S03.1080p.WEB.H264-PFa\Fixer.Upper.S03E06.1080p.WEB.H264-PFa,1928.3,1.88
Y:\Library\TV NAS\Fixer Upper\Fixer.Upper.S03.1080p.WEB.H264-PFa\Fixer.Upper.S03E07.1080p.WEB.H264-PFa\Fixer.Upper.S03E07.1080p.WEB.H264-PFa.mkv,Y:\Library\TV NAS\Fixer Upper\Fixer.Upper.S03.1080p.WEB.H264-PFa\Fixer.Upper.S03E07.1080p.WEB.H264-PFa,1927.96,1.88
Y:\Library\TV NAS\Fixer Upper\Fixer.Upper.S03.1080p.WEB.H264-PFa\Fixer.Upper.S03E08.1080p.WEB.H264-PFa\Fixer.Upper.S03E08.1080p.WEB.H264-PFa.mkv,Y:\Library\TV NAS\Fixer Upper\Fixer.Upper.S03.1080p.WEB.H264-PFa\Fixer.Upper.S03E08.1080p.WEB.H264-PFa,1938.89,1.89
Y:\Library\TV NAS\Fixer Upper\Fixer.Upper.S03.1080p.WEB.H264-PFa\Fixer.Upper.S03E09.1080p.WEB.H264-PFa\Fixer.Upper.S03E09.1080p.WEB.H264-PFa.mkv,Y:\Library\TV NAS\Fixer Upper\Fixer.Upper.S03.1080p.WEB.H264-PFa\Fixer.Upper.S03E09.1080p.WEB.H264-PFa,1931.47,1.89
Y:\Library\TV NAS\Fixer Upper\Fixer.Upper.S03.1080p.WEB.H264-PFa\Fixer.Upper.S03E10.1080p.WEB.H264-PFa\Fixer.Upper.S03E10.1080p.WEB.H264-PFa.mkv,Y:\Library\TV NAS\Fixer Upper\Fixer.Upper.S03.1080p.WEB.H264-PFa\Fixer.Upper.S03E10.1080p.WEB.H264-PFa,1905.24,1.86
Y:\Library\TV NAS\Fixer Upper\Fixer.Upper.S03.1080p.WEB.H264-PFa\Fixer.Upper.S03E11.1080p.WEB.H264-PFa\Fixer.Upper.S03E11.1080p.WEB.H264-PFa.mkv,Y:\Library\TV NAS\Fixer Upper\Fixer.Upper.S03.1080p.WEB.H264-PFa\Fixer.Upper.S03E11.1080p.WEB.H264-PFa,1938.39,1.89
Y:\Library\TV NAS\Fixer Upper\Fixer.Upper.S03.1080p.WEB.H264-PFa\Fixer.Upper.S03E12.1080p.WEB.H264-PFa\Fixer.Upper.S03E12.1080p.WEB.H264-PFa.mkv,Y:\Library\TV NAS\Fixer Upper\Fixer.Upper.S03.1080p.WEB.H264-PFa\Fixer.Upper.S03E12.1080p.WEB.H264-PFa,1914.48,1.87
Y:\Library\TV NAS\Fixer Upper\Fixer.Upper.S03.1080p.WEB.H264-PFa\Fixer.Upper.S03E13.1080p.WEB.H264-PFa\Fixer.Upper.S03E13.1080p.WEB.H264-PFa.mkv,Y:\Library\TV NAS\Fixer Upper\Fixer.Upper.S03.1080p.WEB.H264-PFa\Fixer.Upper.S03E13.1080p.WEB.H264-PFa,1947.69,1.9
Y:\Library\TV NAS\Fixer Upper\Fixer.Upper.S03.1080p.WEB.H264-PFa\Fixer.Upper.S03E14.1080p.WEB.H264-PFa\Fixer.Upper.S03E14.1080p.WEB.H264-PFa.mkv,Y:\Library\TV NAS\Fixer Upper\Fixer.Upper.S03.1080p.WEB.H264-PFa\Fixer.Upper.S03E14.1080p.WEB.H264-PFa,1949.31,1.9
Y:\Library\TV NAS\Fixer Upper\Fixer.Upper.S03.1080p.WEB.H264-PFa\Fixer.Upper.S03E15.1080p.WEB.H264-PFa\Fixer.Upper.S03E15.1080p.WEB.H264-PFa.mkv,Y:\Library\TV NAS\Fixer Upper\Fixer.Upper.S03.1080p.WEB.H264-PFa\Fixer.Upper.S03E15.1080p.WEB.H264-PFa,1904.59,1.86
Y:\Library\TV NAS\Fixer Upper\Fixer.Upper.S03.1080p.WEB.H264-PFa\Fixer.Upper.S03E16.1080p.WEB.H264-PFa\Fixer.Upper.S03E16.1080p.WEB.H264-PFa.mkv,Y:\Library\TV NAS\Fixer Upper\Fixer.Upper.S03.1080p.WEB.H264-PFa\Fixer.Upper.S03E16.1080p.WEB.H264-PFa,1918.84,1.87
Y:\Library\TV NAS\Fixer Upper\Fixer.Upper.S03.1080p.WEB.H264-PFa\Fixer.Upper.S03E17.1080p.WEB.H264-PFa\Fixer.Upper.S03E17.1080p.WEB.H264-PFa.mkv,Y:\Library\TV NAS\Fixer Upper\Fixer.Upper.S03.1080p.WEB.H264-PFa\Fixer.Upper.S03E17.1080p.WEB.H264-PFa,1917.45,1.87
Y:\Library\TV NAS\Fixer Upper\Fixer.Upper.S03.1080p.WEB.H264-PFa\Fixer.Upper.S03E18.1080p.WEB.H264-PFa\Fixer.Upper.S03E18.1080p.WEB.H264-PFa.mkv,Y:\Library\TV NAS\Fixer Upper\Fixer.Upper.S03.1080p.WEB.H264-PFa\Fixer.Upper.S03E18.1080p.WEB.H264-PFa,1915.54,1.87
Y:\Library\TV NAS\Fixer Upper\Fixer.Upper.S04.720p.HDTV.x264-W4F-AJP69\Fixer.Upper.S04E01.720p.HDTV.x264-W4F\Fixer.Upper.S04E01.720p.HDTV.x264-W4F.mkv,Y:\Library\TV NAS\Fixer Upper\Fixer.Upper.S04.720p.HDTV.x264-W4F-AJP69\Fixer.Upper.S04E01.720p.HDTV.x264-W4F,1245.01,1.22
Y:\Library\TV NAS\Fixer Upper\Fixer.Upper.S04.720p.HDTV.x264-W4F-AJP69\Fixer.Upper.S04E10.Geek.DIRFIX.720p.WEB-DL.AAC2.0.H.264\Fixer.Upper.S04E10.Geek.DIRFIX.720p.WEB-DL.AAC2.0.H.264.mkv,Y:\Library\TV NAS\Fixer Upper\Fixer.Upper.S04.720p.HDTV.x264-W4F-AJP69\Fixer.Upper.S04E10.Geek.DIRFIX.720p.WEB-DL.AAC2.0.H.264,1294.98,1.26
Y:\Library\TV NAS\Fixer Upper\Fixer.Upper.S04.720p.HDTV.x264-W4F-AJP69\Fixer.Upper.S04E13.Second.Chance.at.a.Country.Home.720p.HDTV.x264-W4F\Fixer.Upper.S04E13.Second.Chance.at.a.Country.Home.720p.HDTV.x264-W4F.mkv,Y:\Library\TV NAS\Fixer Upper\Fixer.Upper.S04.720p.HDTV.x264-W4F-AJP69\Fixer.Upper.S04E13.Second.Chance.at.a.Country.Home.720p.HDTV.x264-W4F,1283.11,1.25
Y:\Library\TV NAS\Gordon Ramsay Uncharted\Season 1\Gordon.Ramsay.Uncharted.S01E02.1080p.WEBDL.h264-AJP69.mkv,Y:\Library\TV NAS\Gordon Ramsay Uncharted\Season 1,2034.77,1.99
Y:\Library\TV NAS\Gordon Ramsay Uncharted\Season 1\Gordon.Ramsay.Uncharted.S01E04.1080p.WEBDL.h264-AJP69.mkv,Y:\Library\TV NAS\Gordon Ramsay Uncharted\Season 1,2056.1,2.01
Y:\Library\TV NAS\Growing Floret\Season 01\Growing.Floret.S01E01.Groundwork.1080p.DSCP.WEB-DL.AAC2.0.x264-THM.mkv,Y:\Library\TV NAS\Growing Floret\Season 01,1761.67,1.72
Y:\Library\TV NAS\Growing Floret\Season 01\Growing.Floret.S01E02.Crossroads.1080p.WEBRip.x264-KOMPOST.mkv,Y:\Library\TV NAS\Growing Floret\Season 01,1601.83,1.56
Y:\Library\TV NAS\Growing Floret\Season 01\Growing.Floret.S01E03.Community.1080p.WEBRip.x264-KOMPOST.mkv,Y:\Library\TV NAS\Growing Floret\Season 01,1570,1.53
Y:\Library\TV NAS\Growing Floret\Season 01\Growing.Floret.S01E04.Sanctuary.1080p.WEBRip.x264-KOMPOST.mkv,Y:\Library\TV NAS\Growing Floret\Season 01,1651.6,1.61
Y:\Library\TV NAS\Key & Peele\Key.and.Peele.S01-S05.1080p.x264-MIXED\Key.and.Peele.S01.1080p.BluRay.x264-NODLABS\key.and.peele.s01e01.1080p.bluray.x264-nodlabs.mkv,Y:\Library\TV NAS\Key & Peele\Key.and.Peele.S01-S05.1080p.x264-MIXED\Key.and.Peele.S01.1080p.BluRay.x264-NODLABS,1489.72,1.45
Y:\Library\TV NAS\Key & Peele\Key.and.Peele.S01-S05.1080p.x264-MIXED\Key.and.Peele.S01.1080p.BluRay.x264-NODLABS\key.and.peele.s01e02.1080p.bluray.x264-nodlabs.mkv,Y:\Library\TV NAS\Key & Peele\Key.and.Peele.S01-S05.1080p.x264-MIXED\Key.and.Peele.S01.1080p.BluRay.x264-NODLABS,1487.93,1.45
Y:\Library\TV NAS\Key & Peele\Key.and.Peele.S01-S05.1080p.x264-MIXED\Key.and.Peele.S01.1080p.BluRay.x264-NODLABS\key.and.peele.s01e03.1080p.bluray.x264-nodlabs.mkv,Y:\Library\TV NAS\Key & Peele\Key.and.Peele.S01-S05.1080p.x264-MIXED\Key.and.Peele.S01.1080p.BluRay.x264-NODLABS,1489.17,1.45
Y:\Library\TV NAS\Key & Peele\Key.and.Peele.S01-S05.1080p.x264-MIXED\Key.and.Peele.S01.1080p.BluRay.x264-NODLABS\key.and.peele.s01e04.1080p.bluray.x264-nodlabs.mkv,Y:\Library\TV NAS\Key & Peele\Key.and.Peele.S01-S05.1080p.x264-MIXED\Key.and.Peele.S01.1080p.BluRay.x264-NODLABS,1490.25,1.46
Y:\Library\TV NAS\Key & Peele\Key.and.Peele.S01-S05.1080p.x264-MIXED\Key.and.Peele.S01.1080p.BluRay.x264-NODLABS\key.and.peele.s01e05.1080p.bluray.x264-nodlabs.mkv,Y:\Library\TV NAS\Key & Peele\Key.and.Peele.S01-S05.1080p.x264-MIXED\Key.and.Peele.S01.1080p.BluRay.x264-NODLABS,1489.32,1.45
Y:\Library\TV NAS\Key & Peele\Key.and.Peele.S01-S05.1080p.x264-MIXED\Key.and.Peele.S01.1080p.BluRay.x264-NODLABS\key.and.peele.s01e06.1080p.bluray.x264-nodlabs.mkv,Y:\Library\TV NAS\Key & Peele\Key.and.Peele.S01-S05.1080p.x264-MIXED\Key.and.Peele.S01.1080p.BluRay.x264-NODLABS,1489.94,1.46
Y:\Library\TV NAS\Key & Peele\Key.and.Peele.S01-S05.1080p.x264-MIXED\Key.and.Peele.S01.1080p.BluRay.x264-NODLABS\key.and.peele.s01e07.1080p.bluray.x264-nodlabs.mkv,Y:\Library\TV NAS\Key & Peele\Key.and.Peele.S01-S05.1080p.x264-MIXED\Key.and.Peele.S01.1080p.BluRay.x264-NODLABS,1489.32,1.45
Y:\Library\TV NAS\Key & Peele\Key.and.Peele.S01-S05.1080p.x264-MIXED\Key.and.Peele.S01.1080p.BluRay.x264-NODLABS\key.and.peele.s01e08.1080p.bluray.x264-nodlabs.mkv,Y:\Library\TV NAS\Key & Peele\Key.and.Peele.S01-S05.1080p.x264-MIXED\Key.and.Peele.S01.1080p.BluRay.x264-NODLABS,1488.78,1.45
Y:\Library\TV NAS\Mr.Bean\Mr. Bean - 1x01 - Mr. Bean.mkv,Y:\Library\TV NAS\Mr.Bean,1385.24,1.35
Y:\Library\TV NAS\Mr.Bean\Mr. Bean - 1x02 - The Return of Mr. Bean.mkv,Y:\Library\TV NAS\Mr.Bean,1382.22,1.35
Y:\Library\TV NAS\Mr.Bean\Mr. Bean - 1x03 - The Curse of Mr. Bean.mkv,Y:\Library\TV NAS\Mr.Bean,1234.59,1.21
Y:\Library\TV NAS\Mr.Bean\Mr. Bean - 1x04 - Mr. Bean Goes to Town.mkv,Y:\Library\TV NAS\Mr.Bean,1323.72,1.29
Y:\Library\TV NAS\Mr.Bean\Mr. Bean - 1x05 - The Trouble with Mr. Bean.mkv,Y:\Library\TV NAS\Mr.Bean,1356.93,1.33
Y:\Library\TV NAS\Mr.Bean\Mr. Bean - 1x07 - Merry Christmas Mr. Bean.mkv,Y:\Library\TV NAS\Mr.Bean,1395.52,1.36
Y:\Library\TV NAS\Mr.Bean\Mr. Bean - 1x08 - Mr. Bean in Room 426.mkv,Y:\Library\TV NAS\Mr.Bean,1342.43,1.31
Y:\Library\TV NAS\Mr.Bean\Mr. Bean - 1x09 - Do-It-Yourself Mr. Bean.mkv,Y:\Library\TV NAS\Mr.Bean,1372.34,1.34
"Y:\Library\TV NAS\Mr.Bean\Mr. Bean - 1x12 - Tee Off, Mr. Bean.mkv",Y:\Library\TV NAS\Mr.Bean,1372.36,1.34
Y:\Library\TV NAS\Mr.Bean\Mr. Bean - 1x14 - Hair by Mr. Bean of London.mkv,Y:\Library\TV NAS\Mr.Bean,1444.56,1.41
Y:\Library\TV NAS\Point of View a Designer Profile\Breaking New Ground Expanding the Silos\Season 01\Breaking.New.Ground.Expanding.the.Silos.S01E01.Expanding.the.Silos.1080p.DSCP.WEB-DL.AAC2.0.x264-THM.mkv,Y:\Library\TV NAS\Point of View a Designer Profile\Breaking New Ground Expanding the Silos\Season 01,1646.63,1.61
Y:\Library\TV NAS\Poker Face\Season 2\Poker.Face.2023.S02E06.1080p.WEB.H264-SuccessfulCrab.mkv,Y:\Library\TV NAS\Poker Face\Season 2,2589.75,2.53
Y:\Library\TV NAS\Saturday Night Live\Season 46\Saturday.Night.Live.S46E00.A.Saturday.Night.Live.Christmas.Special.1080p.HEVC.x265-MeGusta[eztv.re].mkv,Y:\Library\TV NAS\Saturday Night Live\Season 46,0,0
Y:\Library\TV NAS\Saturday Night Live\Season 46\Saturday.Night.Live.S46E06.Dave.Chappelle.1080p.WEB.h264-KOGi\Saturday.Night.Live.S46E06.Dave.Chappelle.1080p.WEB.h264-KOGi.mkv,Y:\Library\TV NAS\Saturday Night Live\Season 46\Saturday.Night.Live.S46E06.Dave.Chappelle.1080p.WEB.h264-KOGi,3852.22,3.76
Y:\Library\TV NAS\Saturday Night Live\Specials\Saturday Night Live - S00E600 - A Saturday Night Live Thanksgiving (2020).mkv,Y:\Library\TV NAS\Saturday Night Live\Specials,4693.4,4.58
Y:\Library\TV NAS\Severance (2022)\Season 2\Severance.S02E10.Cold.Harbor.1080p.WEBRip.AAC.5.1.x265.10bit.RED.mkv,Y:\Library\TV NAS\Severance (2022)\Season 2,1424.95,1.39
Y:\Library\TV NAS\Sherlock\Sherlock S01 WEBRip EAC3 5 1 1080p x265-iVy\Sherlock.S01E01.A.Study.in.Pink.EAC3.5.1.1080p.WEBRip.x265-iVy.mkv,Y:\Library\TV NAS\Sherlock\Sherlock S01 WEBRip EAC3 5 1 1080p x265-iVy,1690.86,1.65
Y:\Library\TV NAS\Sherlock\Sherlock S01 WEBRip EAC3 5 1 1080p x265-iVy\Sherlock.S01E02.The.Blind.Banker.EAC3.5.1.1080p.WEBRip.x265-iVy.mkv,Y:\Library\TV NAS\Sherlock\Sherlock S01 WEBRip EAC3 5 1 1080p x265-iVy,1599,1.56
Y:\Library\TV NAS\Sherlock\Sherlock S01 WEBRip EAC3 5 1 1080p x265-iVy\Sherlock.S01E03.The.Great.Game.EAC3.5.1.1080p.WEBRip.x265-iVy.mkv,Y:\Library\TV NAS\Sherlock\Sherlock S01 WEBRip EAC3 5 1 1080p x265-iVy,1675.92,1.64
Y:\Library\TV NAS\Sherlock\Sherlock S02 WEBRip EAC3 5 1 1080p x265-iVy\Sherlock.S02E01.A.Scandal.in.Belgravia.EAC3.5.1.1080p.WEBRip.x265-iVy.mkv,Y:\Library\TV NAS\Sherlock\Sherlock S02 WEBRip EAC3 5 1 1080p x265-iVy,1329.92,1.3
Y:\Library\TV NAS\Sherlock\Sherlock S02 WEBRip EAC3 5 1 1080p x265-iVy\Sherlock.S02E02.The.Hounds.of.Baskerville.EAC3.5.1.1080p.WEBRip.x265-iVy.mkv,Y:\Library\TV NAS\Sherlock\Sherlock S02 WEBRip EAC3 5 1 1080p x265-iVy,1695.43,1.66
Y:\Library\TV NAS\Sherlock\Sherlock S02 WEBRip EAC3 5 1 1080p x265-iVy\Sherlock.S02E03.The.Reichenbach.Fall.EAC3.5.1.1080p.WEBRip.x265-iVy.mkv,Y:\Library\TV NAS\Sherlock\Sherlock S02 WEBRip EAC3 5 1 1080p x265-iVy,1412.99,1.38
Y:\Library\TV NAS\Sherlock\Sherlock S03 WEBRip EAC3 5 1 1080p x265-iVy\Sherlock.S03E01.The.Empty.Hearse.EAC3.5.1.1080p.WEBRip.x265-iVy.mkv,Y:\Library\TV NAS\Sherlock\Sherlock S03 WEBRip EAC3 5 1 1080p x265-iVy,1563.65,1.53
Y:\Library\TV NAS\Sherlock\Sherlock S03 WEBRip EAC3 5 1 1080p x265-iVy\Sherlock.S03E02.The.Sign.of.Three.EAC3.5.1.1080p.WEBRip.x265-iVy.mkv,Y:\Library\TV NAS\Sherlock\Sherlock S03 WEBRip EAC3 5 1 1080p x265-iVy,1658.17,1.62
Y:\Library\TV NAS\Sherlock\Sherlock S03 WEBRip EAC3 5 1 1080p x265-iVy\Sherlock.S03E03.His.Last.Vow.EAC3.5.1.1080p.WEBRip.x265-iVy.mkv,Y:\Library\TV NAS\Sherlock\Sherlock S03 WEBRip EAC3 5 1 1080p x265-iVy,1751.66,1.71
Y:\Library\TV NAS\Sherlock\Sherlock S04 WEBRip EAC3 5 1 1080p x265-iVy\Sherlock.S04E01.The.Six.Thatchers.EAC3.5.1.1080p.WEBRip.x265-iVy.mkv,Y:\Library\TV NAS\Sherlock\Sherlock S04 WEBRip EAC3 5 1 1080p x265-iVy,1338.89,1.31
Y:\Library\TV NAS\Sherlock\Sherlock S04 WEBRip EAC3 5 1 1080p x265-iVy\Sherlock.S04E02.The.Lying.Detective.EAC3.5.1.1080p.WEBRip.x265-iVy.mkv,Y:\Library\TV NAS\Sherlock\Sherlock S04 WEBRip EAC3 5 1 1080p x265-iVy,1257.22,1.23
Y:\Library\TV NAS\Shogun\Season 1\Shogun.S01E01.Anjin.1080p.WEBRip.DDP.5.1.x265.10bit.RED.mkv,Y:\Library\TV NAS\Shogun\Season 1,1281.91,1.25
Y:\Library\TV NAS\Squid Game\Season 1\Squid.Game.S01E01.[Dual-Audio].Red.Light.Green.Light.1080p.WEBRip.AAC.5.1.x265.10bit.RED.mkv,Y:\Library\TV NAS\Squid Game\Season 1,0,0
Y:\Library\TV NAS\Squid Game\Season 1\Squid.Game.S01E02.[Dual-Audio].Hell.1080p.WEBRip.AAC.5.1.x265.10bit.RED.mkv,Y:\Library\TV NAS\Squid Game\Season 1,0,0
Y:\Library\TV NAS\Squid Game\Season 1\Squid.Game.S01E06.[Dual-Audio].Gganbu.1080p.WEBRip.AAC.5.1.x265.10bit.RED.mkv,Y:\Library\TV NAS\Squid Game\Season 1,0,0
Y:\Library\TV NAS\Squid Game\Season 2\Squid.Game.S02E01.[Dual-Audio].Bread.and.Lottery.1080p.WEBRip.AAC.5.1.x265.10bit.RED.mkv,Y:\Library\TV NAS\Squid Game\Season 2,0,0
Y:\Library\TV NAS\Squid Game\Season 2\Squid.Game.S02E03.[Dual-Audio].001.1080p.WEBRip.AAC.5.1.x265.10bit.RED.mkv,Y:\Library\TV NAS\Squid Game\Season 2,0,0
Y:\Library\TV NAS\Squid Game\Season 2\Squid.Game.S02E04.[Dual-Audio].Six.Legs.1080p.WEBRip.AAC.5.1.x265.10bit.RED.mkv,Y:\Library\TV NAS\Squid Game\Season 2,0,0
Y:\Library\TV NAS\Squid Game\Season 2\Squid.Game.S02E05.[Dual-Audio].One.More.Game.1080p.WEBRip.AAC.5.1.x265.10bit.RED.mkv,Y:\Library\TV NAS\Squid Game\Season 2,0,0
Y:\Library\TV NAS\Squid Game\Season 2\Squid.Game.S02E07.[Dual-Audio].Friend.or.Foe.1080p.WEBRip.AAC.5.1.x265.10bit.RED.mkv,Y:\Library\TV NAS\Squid Game\Season 2,0,0
Y:\Library\TV NAS\Squid Game\Season 3\Squid.Game.S03E02.[Dual-Audio].The.Starry.Night.1080p.WEBRip.AAC.5.1.x265.10bit.RED.mkv,Y:\Library\TV NAS\Squid Game\Season 3,0,0
Y:\Library\TV NAS\Squid Game\Season 3\Squid.Game.S03E03.[Dual-Audio].Its.Not.Your.Fault.1080p.WEBRip.AAC.5.1.x265.10bit.RED.mkv,Y:\Library\TV NAS\Squid Game\Season 3,0,0
Y:\Library\TV NAS\Squid Game\Season 3\Squid.Game.S03E04.[Dual-Audio].222.1080p.WEBRip.AAC.5.1.x265.10bit.RED.mkv,Y:\Library\TV NAS\Squid Game\Season 3,0,0
Y:\Library\TV NAS\Squid Game\Season 3\Squid.Game.S03E05.[Dual-Audio].○.△.□.1080p.WEBRip.AAC.5.1.x265.10bit.RED.mkv,Y:\Library\TV NAS\Squid Game\Season 3,0,0
Y:\Library\TV NAS\Ted\Season 2\ted.S02E01.Talk.Dirty.to.Me.1080p.AMZN.WEB-DL.DDP5.1.H.264-Draken02.mkv,Y:\Library\TV NAS\Ted\Season 2,2362.58,2.31
Y:\Library\TV NAS\Ted\Season 2\ted.S02E02.Mrs.Robicheck.1080p.AMZN.WEB-DL.DDP5.1.H.264-Draken02.mkv,Y:\Library\TV NAS\Ted\Season 2,2288.16,2.23
Y:\Library\TV NAS\Ted\Season 2\ted.S02E03.Dungeons.and.Dealers.1080p.AMZN.WEB-DL.DDP5.1.H.264-Draken02.mkv,Y:\Library\TV NAS\Ted\Season 2,2185.78,2.13
Y:\Library\TV NAS\Ted\Season 2\ted.S02E04.The.Moms.Bombed.Rom-Com.1080p.AMZN.WEB-DL.DDP5.1.H.264-Draken02.mkv,Y:\Library\TV NAS\Ted\Season 2,2565.43,2.51
Y:\Library\TV NAS\Ted\Season 2\ted.S02E05.The.Sword.in.the.Stoned.1080p.AMZN.WEB-DL.DDP5.1.H.264-Draken02.mkv,Y:\Library\TV NAS\Ted\Season 2,2317.38,2.26
Y:\Library\TV NAS\Ted\Season 2\ted.S02E06.Roe.v.Weed.1080p.AMZN.WEB-DL.DDP5.1.H.264-Draken02.mkv,Y:\Library\TV NAS\Ted\Season 2,2209.16,2.16
Y:\Library\TV NAS\Ted\Season 2\ted.S02E07.Susan.Is.the.New.Black.1080p.AMZN.WEB-DL.DDP5.1.H.264-Draken02.mkv,Y:\Library\TV NAS\Ted\Season 2,2314.81,2.26
Y:\Library\TV NAS\Ted\Season 2\ted.S02E08.Fraudcast.News.1080p.AMZN.WEB-DL.DDP5.1.H.264-Draken02.mkv,Y:\Library\TV NAS\Ted\Season 2,2307.4,2.25
Y:\Library\TV NAS\The Bear (2022)\Season 2\The.Bear.S02E06.1080p.WEBRip.6CH.HEVC.x265-RMTEAM.mkv,Y:\Library\TV NAS\The Bear (2022)\Season 2,1413.24,1.38
Y:\Library\TV NAS\The Beatles Get Back\Season 1\The Beatles Get Back (2021) S01E01 (1080p DSNP WEB-DL MKEDLQ 1500).mkv,Y:\Library\TV NAS\The Beatles Get Back\Season 1,1939.52,1.89
Y:\Library\TV NAS\The Beatles Get Back\Season 1\The Beatles Get Back (2021) S01E02 (1080p DSNP WEB-DL MKEDLQ 1500).mkv,Y:\Library\TV NAS\The Beatles Get Back\Season 1,2142.98,2.09
Y:\Library\TV NAS\The Beatles Get Back\Season 1\The Beatles Get Back (2021) S01E03 (1080p DSNP WEB-DL MKEDLQ 1500).mkv,Y:\Library\TV NAS\The Beatles Get Back\Season 1,1707.61,1.67
Y:\Library\TV NAS\The Courage to Run With Chip Gaines Gabe Grunewald\Season 01\The.Courage.to.Run.With.Chip.Gaines.Gabe.Grunewald.S01E01.The.Courage.to.Run.1080p.DSCP.WEB-DL.AAC2.0.x264-THM.mkv,Y:\Library\TV NAS\The Courage to Run With Chip Gaines Gabe Grunewald\Season 01,1749.64,1.71
Y:\Library\TV NAS\The IT Crowd\Specials\The.IT.Crowd.S00E04.The.Internet.Is.Coming.1080p.WebDL.x265-Panda.mkv,Y:\Library\TV NAS\The IT Crowd\Specials,1447.4,1.41
Y:\Library\TV NAS\The IT Crowd\The.IT.Crowd.1080p.AI.Upscale.S01.x265-Cyan\The.IT.Crowd.S01E02.Calamity.Jen.1080p.DvDrip.AI.Upscale.x265-Cyan.mkv,Y:\Library\TV NAS\The IT Crowd\The.IT.Crowd.1080p.AI.Upscale.S01.x265-Cyan,1251.67,1.22
Y:\Library\TV NAS\The IT Crowd\The.IT.Crowd.1080p.AI.Upscale.S04.x265-Cyan\The.IT.Crowd.S04E01.Jen.the.Fredo.1080p.DvDrip.AI.Upscale.x265-Cyan.mkv,Y:\Library\TV NAS\The IT Crowd\The.IT.Crowd.1080p.AI.Upscale.S04.x265-Cyan,1295.87,1.27
Y:\Library\TV NAS\The IT Crowd\The.IT.Crowd.1080p.AI.Upscale.S04.x265-Cyan\The.IT.Crowd.S04E02.The.Final.Countdown.1080p.DvDrip.AI.Upscale.x265-Cyan.mkv,Y:\Library\TV NAS\The IT Crowd\The.IT.Crowd.1080p.AI.Upscale.S04.x265-Cyan,1378.53,1.35
Y:\Library\TV NAS\The IT Crowd\The.IT.Crowd.1080p.AI.Upscale.S04.x265-Cyan\The.IT.Crowd.S04E03.Something.Happened.1080p.DvDrip.AI.Upscale.x265-Cyan.mkv,Y:\Library\TV NAS\The IT Crowd\The.IT.Crowd.1080p.AI.Upscale.S04.x265-Cyan,1351.1,1.32
Y:\Library\TV NAS\The IT Crowd\The.IT.Crowd.1080p.AI.Upscale.S04.x265-Cyan\The.IT.Crowd.S04E04.Italian.for.Beginners.1080p.DvDrip.AI.Upscale.x265-Cyan.mkv,Y:\Library\TV NAS\The IT Crowd\The.IT.Crowd.1080p.AI.Upscale.S04.x265-Cyan,1234.88,1.21
Y:\Library\TV NAS\The IT Crowd\The.IT.Crowd.1080p.AI.Upscale.S04.x265-Cyan\The.IT.Crowd.S04E05.Bad.Boys.1080p.DvDrip.AI.Upscale.x265-Cyan.mkv,Y:\Library\TV NAS\The IT Crowd\The.IT.Crowd.1080p.AI.Upscale.S04.x265-Cyan,1356.8,1.32
Y:\Library\TV NAS\The Last of Us\Season 1\The.Last.of.Us.S01E06.Kin.1080p.WEBRip.DDP.5.1.x265.10bit.RED.mkv,Y:\Library\TV NAS\The Last of Us\Season 1,1291.64,1.26
Y:\Library\TV NAS\The Last of Us\Season 2\The.Last.of.Us.S02E02.Through.the.Valley.1080p.MAX.WEB-DL.DDP5.1.Atmos.H.264-FLUX.mkv,Y:\Library\TV NAS\The Last of Us\Season 2,2453.55,2.4
Y:\Library\TV NAS\The Studio (2025)\Season 1\The.Studio.2025.S01E09.2160p.WEB.H265-SuccessfulCrab.mkv,Y:\Library\TV NAS\The Studio (2025)\Season 1,5478.75,5.35
Y:\Library\TV NAS\The White Lotus\Season 3\The.White.Lotus.S03E08.1080p.x265-ELiTE.mkv,Y:\Library\TV NAS\The White Lotus\Season 3,1651.42,1.61
Y:\Library\TV NAS\The Whitest Kids U'Know\The Whitest Kids U'Know - Season 1\The.Whitest.Kids.U.Know.S01E03.Cubicle.Boss.Pimp.Pun.Disaster.Whiskey.Super.Size.1080p.AMZN.WEB-DL.DDP2.0.H.264-Kitsune.mkv,Y:\Library\TV NAS\The Whitest Kids U'Know\The Whitest Kids U'Know - Season 1,1477.12,1.44
Y:\Library\TV NAS\The Whitest Kids U'Know\The Whitest Kids U'Know - Season 1\The.Whitest.Kids.U.Know.S01E04.Scaring.Babies.Funeral.Request.Opposite.Day.Lawyer.1080p.AMZN.WEB-DL.DDP2.0.H.264-Kitsune.mkv,Y:\Library\TV NAS\The Whitest Kids U'Know\The Whitest Kids U'Know - Season 1,1464.11,1.43
Y:\Library\TV NAS\The Whitest Kids U'Know\The Whitest Kids U'Know - Season 1\The.Whitest.Kids.U.Know.S01E06.Slow.Jerk.Bigfoot.Race.War.1080p.AMZN.WEB-DL.DDP2.0.H.264-Kitsune.mkv,Y:\Library\TV NAS\The Whitest Kids U'Know\The Whitest Kids U'Know - Season 1,1491.73,1.46
Y:\Library\TV NAS\The Whitest Kids U'Know\The Whitest Kids U'Know - Season 1\The.Whitest.Kids.U.Know.S01E07.Dear.Black.People.Accidental.Puke.Gallon.of.PCP.Kool.Aid.1080p.AMZN.WEB-DL.DDP2.0.H.264-Kitsune.mkv,Y:\Library\TV NAS\The Whitest Kids U'Know\The Whitest Kids U'Know - Season 1,1380.34,1.35
Y:\Library\TV NAS\The Whitest Kids U'Know\The Whitest Kids U'Know - Season 1\The.Whitest.Kids.U.Know.S01E08.Acting.Class.Pie.Demon.Ouija.Board.1080p.AMZN.WEB-DL.DDP2.0.H.264-Kitsune.mkv,Y:\Library\TV NAS\The Whitest Kids U'Know\The Whitest Kids U'Know - Season 1,1457.89,1.42
Y:\Library\TV NAS\The Whitest Kids U'Know\The Whitest Kids U'Know - Season 1\The.Whitest.Kids.U.Know.S01E09.Glory.Hole.Attention.Guy.Tattoo.Parlor.1080p.AMZN.WEB-DL.DDP2.0.H.264-Kitsune.mkv,Y:\Library\TV NAS\The Whitest Kids U'Know\The Whitest Kids U'Know - Season 1,1379.62,1.35
Y:\Library\TV NAS\Top Gear UK\Season 10\TOP GEAR VIETNAM SPECIAL 1080p WEBRip AAC 2.0){NO Grp].mkv,Y:\Library\TV NAS\Top Gear UK\Season 10,2408.85,2.35
Y:\Library\TV NAS\Top Gear UK\Season 12\TOP GEAR VIETNAM SPECIAL 1080p WEBRip AAC 2.0){NO Grp].mkv,Y:\Library\TV NAS\Top Gear UK\Season 12,2408.85,2.35
Y:\Library\TV NAS\Top Gear UK\Top.Gear.S22\Top.Gear.S22E01.HDTV-720p.AC3.x264.mkv,Y:\Library\TV NAS\Top Gear UK\Top.Gear.S22,1693.77,1.65
Y:\Library\TV NAS\Tosh.O\Season 1\Tosh.0 - S01E01 - Afro Ninja - [x264-Bluray-1080p AC3-5.1]aAF.mkv,Y:\Library\TV NAS\Tosh.O\Season 1,0,0
Y:\Library\TV NAS\Tosh.O\Season 1\Tosh.0 - S01E02 - Miss Teen South Carolina - [x264-Bluray-1080p AC3-5.1]aAF.mkv,Y:\Library\TV NAS\Tosh.O\Season 1,0,0
Y:\Library\TV NAS\Tosh.O\Season 1\Tosh.0 - S01E03 - News Puke Kid - [x264-Bluray-1080p AC3-5.1]aAF.mkv,Y:\Library\TV NAS\Tosh.O\Season 1,0,0
Y:\Library\TV NAS\Tosh.O\Season 1\Tosh.0 - S01E04 - Take a Tumble - [x264-Bluray-1080p AC3-5.1]aAF.mkv,Y:\Library\TV NAS\Tosh.O\Season 1,0,0
Y:\Library\TV NAS\Tosh.O\Season 1\Tosh.0 - S01E05 - Chris Crocker - [x264-Bluray-1080p AC3-5.1]aAF.mkv,Y:\Library\TV NAS\Tosh.O\Season 1,0,0
Y:\Library\TV NAS\Tosh.O\Season 1\Tosh.0 - S01E06 - Balloon Guy Bill - [x264-Bluray-1080p AC3-5.1]aAF.mkv,Y:\Library\TV NAS\Tosh.O\Season 1,0,0
Y:\Library\TV NAS\Tosh.O\Season 1\Tosh.0 - S01E07 - Worst Best Man - [x264-Bluray-1080p AC3-5.1]aAF.mkv,Y:\Library\TV NAS\Tosh.O\Season 1,0,0
Y:\Library\TV NAS\Tosh.O\Season 1\Tosh.0 - S01E08 - “Why Must I Cry!” - [x264-Bluray-1080p AC3-5.1]aAF.mkv,Y:\Library\TV NAS\Tosh.O\Season 1,0,0
Y:\Library\TV NAS\Tosh.O\Season 1\Tosh.0 - S01E09 - Dizzy Dunk - [x264-Bluray-1080p AC3-5.1]aAF.mkv,Y:\Library\TV NAS\Tosh.O\Season 1,0,0
Y:\Library\TV NAS\Tosh.O\Season 1\Tosh.0 - S01E10 - Skateboard Girl - [x264-Bluray-1080p AC3-5.1]aAF.mkv,Y:\Library\TV NAS\Tosh.O\Season 1,0,0
Y:\Library\TV NAS\Tosh.O\Season 2\Tosh.0 - S02E10 - The LARPer - [x264-Bluray-1080p AC3-5.1]aAF.mkv,Y:\Library\TV NAS\Tosh.O\Season 2,0,0
Y:\Library\TV NAS\Tosh.O\Season 2\Tosh.0 - S02E11 - Look at This Horse Guy - [x264-Bluray-1080p AC3-5.1]aAF.mkv,Y:\Library\TV NAS\Tosh.O\Season 2,0,0
Y:\Library\TV NAS\Tosh.O\Season 2\Tosh.0 - S02E12 - “What What (In the Butt)” (Remix) - [x264-Bluray-1080p AC3-5.1]aAF.mkv,Y:\Library\TV NAS\Tosh.O\Season 2,0,0
Y:\Library\TV NAS\Tosh.O\Season 2\Tosh.0 - S02E13 - Stuck in an Elevator - [x264-Bluray-1080p AC3-5.1]aAF.mkv,Y:\Library\TV NAS\Tosh.O\Season 2,0,0
Y:\Library\TV NAS\Tosh.O\Season 2\Tosh.0 - S02E14 - Cartwheeling Goalie - [x264-Bluray-1080p AC3-5.1]aAF.mkv,Y:\Library\TV NAS\Tosh.O\Season 2,0,0
Y:\Library\TV NAS\Tosh.O\Season 2\Tosh.0 - S02E15 - Looking for a Girlfriend - [x264-Bluray-1080p AC3-5.1]aAF.mkv,Y:\Library\TV NAS\Tosh.O\Season 2,0,0
Y:\Library\TV NAS\Tosh.O\Season 2\Tosh.0 - S02E16 - WoW Freakout - [x264-Bluray-1080p AC3-5.1]aAF.mkv,Y:\Library\TV NAS\Tosh.O\Season 2,0,0
Y:\Library\TV NAS\Tosh.O\Season 2\Tosh.0 - S02E17 - Worst Comedian Ever - [x264-Bluray-1080p AC3-5.1]aAF (1).mkv,Y:\Library\TV NAS\Tosh.O\Season 2,0,0
Y:\Library\TV NAS\Tosh.O\Season 2\Tosh.0 - S02E18 - Bad Weatherman - [x264-Bluray-1080p AC3-5.1]aAF.mkv,Y:\Library\TV NAS\Tosh.O\Season 2,0,0
Y:\Library\TV NAS\Tosh.O\Season 2\Tosh.0 - S02E19 - Peter Pan Girls - [x264-Bluray-1080p AC3-5.1]aAF.mkv,Y:\Library\TV NAS\Tosh.O\Season 2,0,0
Y:\Library\TV NAS\Tosh.O\Season 2\Tosh.0 - S02E20 - Angry Black Preacher - [x264-Bluray-1080p AC3-5.1]aAF.mkv,Y:\Library\TV NAS\Tosh.O\Season 2,0,0
Y:\Library\TV NAS\Tosh.O\Season 2\Tosh.0 - S02E21 - “American Idol” Girls - [x264-Bluray-1080p AC3-5.1]aAF.mkv,Y:\Library\TV NAS\Tosh.O\Season 2,0,0
Y:\Library\TV NAS\Tosh.O\Season 2\Tosh.0 - S02E22 - Double Rainbow Guy - [x264-Bluray-1080p AC3-5.1]aAF.mkv,Y:\Library\TV NAS\Tosh.O\Season 2,0,0
Y:\Library\TV NAS\Tosh.O\Season 2\Tosh.0 - S02E23 - “I Like Turtles” Kid - [x264-Bluray-1080p AC3-5.1]aAF.mkv,Y:\Library\TV NAS\Tosh.O\Season 2,0,0
Y:\Library\TV NAS\Tosh.O\Season 2\Tosh.0 - S02E24 - Reporter Who Can't Break Glass - [x264-Bluray-1080p AC3-5.1]aAF.mkv,Y:\Library\TV NAS\Tosh.O\Season 2,0,0
Y:\Library\TV NAS\Tosh.O\Season 2\Tosh.0 - S02E25 - Perfect Internet Video - [x264-Bluray-1080p AC3-5.1]aAF.mkv,Y:\Library\TV NAS\Tosh.O\Season 2,0,0
Y:\Library\TV NAS\Tosh.O\Season 3\Tosh.0 - S03E01 - Antoine Dodson - [x264-Bluray-1080p AC3-5.1]YELLOWBiRD.mkv,Y:\Library\TV NAS\Tosh.O\Season 3,0,0
Y:\Library\TV NAS\Tosh.O\Season 3\Tosh.0 - S03E02 - Brian Atene - [x264-Bluray-1080p AC3-5.1]YELLOWBiRD.mkv,Y:\Library\TV NAS\Tosh.O\Season 3,0,0
Y:\Library\TV NAS\Tosh.O\Season 3\Tosh.0 - S03E03 - Ice Cream Truck Guy - [x264-Bluray-1080p AC3-5.1]YELLOWBiRD.mkv,Y:\Library\TV NAS\Tosh.O\Season 3,0,0
Y:\Library\TV NAS\Tosh.O\Season 3\Tosh.0 - S03E04 - National Anthem Fail Girl - [x264-Bluray-1080p AC3-5.1]YELLOWBiRD.mkv,Y:\Library\TV NAS\Tosh.O\Season 3,0,0
Y:\Library\TV NAS\Tosh.O\Season 3\Tosh.0 - S03E05 - Evolution of Dance Guy - [x264-Bluray-1080p AC3-5.1]YELLOWBiRD.mkv,Y:\Library\TV NAS\Tosh.O\Season 3,0,0
Y:\Library\TV NAS\Tosh.O\Season 3\Tosh.0 - S03E06 - Crying Wrestling Fan - [x264-Bluray-1080p AC3-5.1]YELLOWBiRD.mkv,Y:\Library\TV NAS\Tosh.O\Season 3,0,0
Y:\Library\TV NAS\Tosh.O\Season 3\Tosh.0 - S03E07 - The Hurdle Girls - [x264-Bluray-1080p AC3-5.1]YELLOWBiRD.mkv,Y:\Library\TV NAS\Tosh.O\Season 3,0,0
Y:\Library\TV NAS\Tosh.O\Season 3\Tosh.0 - S03E08 - Foul Ball Couple - [x264-Bluray-1080p AC3-5.1]YELLOWBiRD.mkv,Y:\Library\TV NAS\Tosh.O\Season 3,0,0
Y:\Library\TV NAS\Tosh.O\Season 3\Tosh.0 - S03E09 - Phil Davison - [x264-Bluray-1080p AC3-5.1]YELLOWBiRD.mkv,Y:\Library\TV NAS\Tosh.O\Season 3,0,0
Y:\Library\TV NAS\Tosh.O\Season 3\Tosh.0 - S03E10 - Board Breaker - [x264-Bluray-1080p AC3-5.1]YELLOWBiRD.mkv,Y:\Library\TV NAS\Tosh.O\Season 3,0,0
Y:\Library\TV NAS\Tosh.O\Season 3\Tosh.0 - S03E11 - Tay Zonday - [x264-Bluray-1080p AC3-5.1]YELLOWBiRD.mkv,Y:\Library\TV NAS\Tosh.O\Season 3,0,0
Y:\Library\TV NAS\Tosh.O\Season 3\Tosh.0 - S03E12 - Boom Goes the Dynamite Guy - [x264-Bluray-1080p AC3-5.1]YELLOWBiRD.mkv,Y:\Library\TV NAS\Tosh.O\Season 3,0,0
Y:\Library\TV NAS\Tosh.O\Season 3\Tosh.0 - S03E13 - The Naked Wizard - [x264-Bluray-1080p AC3-5.1]YELLOWBiRD.mkv,Y:\Library\TV NAS\Tosh.O\Season 3,0,0
Y:\Library\TV NAS\Tosh.O\Season 3\Tosh.0 - S03E14 - Bug in Mouth Reporter - [x264-Bluray-1080p AC3-5.1]YELLOWBiRD.mkv,Y:\Library\TV NAS\Tosh.O\Season 3,0,0
Y:\Library\TV NAS\Tosh.O\Season 3\Tosh.0 - S03E15 - Cheerleader Fail Girls - [x264-Bluray-1080p AC3-5.1]YELLOWBiRD.mkv,Y:\Library\TV NAS\Tosh.O\Season 3,0,0
Y:\Library\TV NAS\Tosh.O\Season 3\Tosh.0 - S03E16 - Heavy Metal Club - [x264-Bluray-1080p AC3-5.1]YELLOWBiRD.mkv,Y:\Library\TV NAS\Tosh.O\Season 3,0,0
Y:\Library\TV NAS\Tosh.O\Season 3\Tosh.0 - S03E17 - The Kid Who Farted on the Bus - [x264-Bluray-1080p AC3-5.1]YELLOWBiRD.mkv,Y:\Library\TV NAS\Tosh.O\Season 3,0,0
Y:\Library\TV NAS\Tosh.O\Season 3\Tosh.0 - S03E18 - Phillies Taser Kid - [x264-Bluray-1080p AC3-5.1]YELLOWBiRD.mkv,Y:\Library\TV NAS\Tosh.O\Season 3,0,0
Y:\Library\TV NAS\Tosh.O\Season 3\Tosh.0 - S03E19 - Drunk Knockout - [x264-Bluray-1080p AC3-5.1]YELLOWBiRD.mkv,Y:\Library\TV NAS\Tosh.O\Season 3,0,0
"Y:\Library\TV NAS\Tosh.O\Season 3\Tosh.0 - S03E20 - The $150,000 Tosh.0 Marathon - [x264-Bluray-1080p AC3-5.1]YELLOWBiRD.mkv",Y:\Library\TV NAS\Tosh.O\Season 3,0,0
Y:\Library\TV NAS\Tosh.O\Season 3\Tosh.0 - S03E21 - Leprechaun in Mobile - [x264-Bluray-1080p AC3-5.1]YELLOWBiRD.mkv,Y:\Library\TV NAS\Tosh.O\Season 3,0,0
Y:\Library\TV NAS\Undertaker The Last Ride\Season 1\Undertaker The Last Ride - 1x02 - Chapter 2 The Redemption.mkv,Y:\Library\TV NAS\Undertaker The Last Ride\Season 1,1436.18,1.4
Y:\Library\TV NAS\Undertaker The Last Ride\Season 1\Undertaker The Last Ride - 1x03 - Chapter 3 End of an Era.mkv,Y:\Library\TV NAS\Undertaker The Last Ride\Season 1,2928.44,2.86
Y:\Library\Anime NAS\Blue Lock\Specials\Blue Lock Movie - Episode Nagi.mkv,Y:\Library\Anime NAS\Blue Lock\Specials,1494.63,1.46
Y:\Library\Anime NAS\Eden of the East\Specials\[bonkai77].Eden.of.the.East.The.King.of.Eden.[BD.1080p.Dual-Audio.x265.HEVC.10bit].mkv,Y:\Library\Anime NAS\Eden of the East\Specials,0,0
Y:\Library\Anime NAS\Heaven's Lost Property\Heaaven's Lost Property\Heaven's Lost Property - 1x13 - Heaven's Lost Property.mkv,Y:\Library\Anime NAS\Heaven's Lost Property\Heaaven's Lost Property,1577.78,1.54
Y:\Library\Anime NAS\Initial D\Season 0\Initial D - S00E03Third Stage (1080P)   [Darkdream].mkv,Y:\Library\Anime NAS\Initial D\Season 0,0,0
Y:\Library\Anime NAS\JoJo's Bizarre Adventure (2012)\Season 6\JoJos.Bizarre.Adventure.S06E01.STEEL.BALL.RUN.1080p.NF.WEB-DL.DUAL.AAC2.0.H.264.MSubs-ToonsHub.mkv,Y:\Library\Anime NAS\JoJo's Bizarre Adventure (2012)\Season 6,1781.21,1.74
Y:\Library\Anime NAS\Odd Taxi\Specials\[ASW] Odd Taxi - In the Woods S00 Ep01 [1080p HEVC][CBB7F650].mkv,Y:\Library\Anime NAS\Odd Taxi\Specials,0,0
"Y:\Library\Anime NAS\Otaku No Video\Otaku No Video - 01 (BDRip 1406x1060p x265 HEVC FLAC, AC3x3 2.0x4)[sxales].mkv",Y:\Library\Anime NAS\Otaku No Video,0,0
"Y:\Library\Anime NAS\Otaku No Video\Otaku No Video - 02 END (BDRip 1520x1080p x265 HEVC FLAC, AC3x3 2.0x4)[sxales].mkv",Y:\Library\Anime NAS\Otaku No Video,0,0
Y:\Library\Anime NAS\Blue Archive the Animation\Season 1\[Kaleido-subs] Blue Archive the Animation - S01E08 - (WEB 1080p HEVC x265 10-bit E-AC3 2.0) [A5674D39].mkv,Y:\Library\Anime NAS\Blue Archive the Animation\Season 1,0,0
Y:\Library\Anime NAS\Blue Archive the Animation\Season 1\[Kaleido-subs] Blue Archive the Animation - S01E09 - (WEB 1080p HEVC x265 10-bit E-AC3 2.0) [C6C9D1E0].mkv,Y:\Library\Anime NAS\Blue Archive the Animation\Season 1,0,0
Y:\Library\Anime NAS\Blue Archive the Animation\Season 1\[Kaleido-subs] Blue Archive the Animation - S01E10 - (WEB 1080p HEVC x265 10-bit E-AC3 2.0) [C077087E].mkv,Y:\Library\Anime NAS\Blue Archive the Animation\Season 1,0,0
Y:\Library\Anime NAS\Boukyaku Battery\Season 1\[SubsPlease] Boukyaku Battery - 04 (1080p) [561EEE4A].mkv,Y:\Library\Anime NAS\Boukyaku Battery\Season 1,0,0
Y:\Library\Anime NAS\Boukyaku Battery\Season 1\[SubsPlease] Boukyaku Battery - 08 (1080p) [7C891403].mkv,Y:\Library\Anime NAS\Boukyaku Battery\Season 1,0,0
Y:\Library\Anime NAS\Boukyaku Battery\Season 1\[SubsPlease] Boukyaku Battery - 09 (1080p) [0B730EA1].mkv,Y:\Library\Anime NAS\Boukyaku Battery\Season 1,0,0
Y:\Library\Anime NAS\Boukyaku Battery\Season 1\[SubsPlease] Boukyaku Battery - 10 (1080p) [4981EC71].mkv,Y:\Library\Anime NAS\Boukyaku Battery\Season 1,0,0
Y:\Library\Anime NAS\Boukyaku Battery\Season 1\[SubsPlease] Boukyaku Battery - 11 (1080p) [DF9F21ED].mkv,Y:\Library\Anime NAS\Boukyaku Battery\Season 1,0,0
Y:\Library\Anime NAS\Boukyaku Battery\Season 1\[SubsPlease] Boukyaku Battery - 12 (1080p) [105FAF0F].mkv,Y:\Library\Anime NAS\Boukyaku Battery\Season 1,0,0
Y:\Library\Anime NAS\Solo Camping for Two (2025)\Season 1\[Erai-raws] Futari Solo Camp - 01 [1080p CR WEB-DL AVC AAC][MultiSub][77D88329].mkv,Y:\Library\Anime NAS\Solo Camping for Two (2025)\Season 1,0,0
"Y:\Library\Anime NAS\Demon Slayer\Season 4\Demon Slayer S03E11 A Connected Bond Daybreak and First Light.mkv","Y:\Library\Anime NAS\Demon Slayer\Season 4","1043.76","1.02"
"Y:\Library\Anime NAS\Pluto\Season 1\PLUTO.S01E08.Episode.8.1080p.NF.WEB-DL.DDP5.1.HEVC-Saon.mkv","Y:\Library\Anime NAS\Pluto\Season 1","1197.25","1.17"
"Y:\Library\TV NAS\1923 (2022)\Season 1\1923.S01E05.1080p.10bit.WEBRip.6CH.x265.HEVC-PSA.mkv","Y:\Library\TV NAS\1923 (2022)\Season 1","1063.72","1.04"
"Y:\Library\TV NAS\1923 (2022)\Season 2\1923.S02E07.1080p.HEVC.x265-MeGusta.mkv","Y:\Library\TV NAS\1923 (2022)\Season 2","1195.64","1.17"
"Y:\Library\TV NAS\Future Diary\Future Diary Another World - 1x01 - I finally got to see you.mkv","Y:\Library\TV NAS\Future Diary","1219.78","1.19"
"Y:\Library\TV NAS\Hijack (2023)\Season 1\Hijack.S01E07.Brace.Brace.Brace.1080p.WEBRip.DDP.5.1.x265.10bit.RED.mkv","Y:\Library\TV NAS\Hijack (2023)\Season 1","1147.21","1.12"
"Y:\Library\TV NAS\Mr.Bean\Mr. Bean - 1x06 - Mr. Bean Rides Again.mkv","Y:\Library\TV NAS\Mr.Bean","1080.97","1.06"
"Y:\Library\TV NAS\Mr.Bean\Mr. Bean - 1x10 - Mind the Baby, Mr. Bean.mkv","Y:\Library\TV NAS\Mr.Bean","1161.84","1.13"
"Y:\Library\TV NAS\Poker Face\Season 2\Poker.Face.2023.S02E01.1080p.10bit.WEBRip.6CH.x265.HEVC-PSA.mkv","Y:\Library\TV NAS\Poker Face\Season 2","1034.98","1.01"
"Y:\Library\TV NAS\Sherlock\Sherlock S04 WEBRip EAC3 5 1 1080p x265-iVy\Sherlock.S04E03.The.Final.Problem.EAC3.5.1.1080p.WEBRip.x265-iVy.mkv","Y:\Library\TV NAS\Sherlock\Sherlock S04 WEBRip EAC3 5 1 1080p x265-iVy","1059.91","1.04"
"Y:\Library\TV NAS\Snowfall (2017)\Snowfall (2017) S06 1080p WEBRip 10bit EAC3 5 1 x265-iVy\Snowfall.S06E10.The.Struggle.1080p.WEBRip.10bit.EAC3.5.1.x265-iVy.mkv","Y:\Library\TV NAS\Snowfall (2017)\Snowfall (2017) S06 1080p WEBRip 10bit EAC3 5 1 x265-iVy","1154.92","1.13"
"Y:\Library\TV NAS\Succession\Season 04\Succession.S04E10.With.Open.Eyes.1080p.10bit.WEBRip.6CH.x265.HEVC-PSA.mkv","Y:\Library\TV NAS\Succession\Season 04","1112.82","1.09"
"Y:\Library\TV NAS\Succession\Season 2\Succession S02E10 1080p This Is Not for Tears WEBRip 6CH HEVC X265-RMTEAM.mkv","Y:\Library\TV NAS\Succession\Season 2","1090.95","1.07"
"Y:\Library\TV NAS\The Bear (2022)\Season 4\The.Bear.S04E07.1080p.10bit.WEBRip.6CH.x265.HEVC-PSA.mkv","Y:\Library\TV NAS\The Bear (2022)\Season 4","1061.74","1.04"
